year,city,flood_water_extent (km^2)
2015,Addis Ababa,1161.5173727992258
2015,Kampala,1789.5801764859505
2016,Addis Ababa,1532.6170013443905
2016,Kampala,2217.2054806204414
2017,Addis Ababa,1377.9047457085178
2017,Kampala,2109.885355331051
2018,Addis Ababa,1107.0122326753053
2018,Kampala,2063.6476074917928
2019,Addis Ababa,1139.5739660848972
2019,Kampala,2457.0803593366736
2020,Addis Ababa,702.6510913398076
2020,Kampala,2374.5232285624465
